Link Name,Center of Mass X,Center of Mass Y,Center of Mass Z,Center of Mass Roll,Center of Mass Pitch,Center of Mass Yaw,Mass,Moment Ixx,Moment Ixy,Moment Ixz,Moment Iyy,Moment Iyz,Moment Izz,Visual X,Visual Y,Visual Z,Visual Roll,Visual Pitch,Visual Yaw,Mesh Filename,Color Red,Color Green,Color Blue,Color Alpha,Collision X,Collision Y,Collision Z,Collision Roll,Collision Pitch,Collision Yaw,Collision Mesh Filename,Material Name,SW Components,Coordinate System,Axis Name,Joint Name,Joint Type,Joint Origin X,Joint Origin Y,Joint Origin Z,Joint Origin Roll,Joint Origin Pitch,Joint Origin Yaw,Parent,Joint Axis X,Joint Axis Y,Joint Axis Z,Limit Effort,Limit Velocity,Limit Lower,Limit Upper,Calibration rising,Calibration falling,Dynamics Damping,Dynamics Friction,Safety Soft Upper,Safety Soft Lower,Safety K Position,Safety K Velocity
base_link,-0.00602877755221842,0.000229808150438118,-0.00910941310145087,0,0,0,9.25503219054007,0.0180319947363064,-0.000148435002152105,3.87836261073974E-05,0.0362971613717438,-3.81309965605312E-06,0.0417155474758287,0,0,0,0,0,0,package://chuanliantui/meshes/base_link.STL,0.866666666666667,0.909803921568627,1,1,0,0,0,0,0,0,package://chuanliantui/meshes/base_link.STL,,装甲板外挂轴第三版-2;5mm侧装甲保护x-3;6x6x40铝排-44;侧装甲板固定铣-2;电滑环MT2042-6;6x6x40铝排-43;6x6x40铝排-45;5mm侧装甲保护x-4;Mirror涨紧打印件-10;6x6x40铝排-34;Mirror电机涨紧后打印件-6;2mm髋关节保护板下-4;6x6x21铝排-68;6x6x21铝排-66;6x6x21铝排-67;8009-RAU_5005_外形尺寸-20240809-4;6x6x40铝排-14;6mm侧装甲安装板x-3;8009-RAU_5005_外形尺寸-20240809-5;新M4铝排-13;新M4铝排-11;交叉滚子内圈压板-3;GL RAU4005 内40外51-3;8009垫高-3;8009垫高-4;7mm装甲板外挂轴垫板-3;外挂轴固定铣件-3;左右装甲板垫块11-6;左右装甲板垫块11-5;2mm髋关节保护板上-5;6x6x21铝排-65;2mm髋关节保护板下-3;主动B链轮20齿外-2;6x6x21铝排-64;交叉滚子法兰铣件-2;2mm髋关节保护板上-4;6x6x40铝排-33;6x6x21铝排-63;2mm装甲底部线仓盖板2-1;新M4铝排-31;2mm装甲底部盖板2-1;5.11.4法兰轴承-17;5.11.4法兰轴承-14;5.11.4法兰轴承-15;新M4铝排-30;6x40x10-10;5.11.4法兰轴承-16;5.11.4法兰轴承-20;5.11.4法兰轴承-18;5.11.4法兰轴承-19;6x40x10-11;新M4铝排-29;新M4铝排-28;3mm导轮前下板-4;4mm装甲支架＋导轮固定板-2;6mm导轮板-5;5.11.4法兰轴承-13;6mm导轮板-4;3mm导轮前下板-3;6x6x21铝排-72;3mm装甲保护铣  2个-1;内6外30厚10导轮-12;内6外30厚10导轮-9;6x6x21铝排-73;3mm装甲保护铣  2个-2;M4x12-1;2mm装甲板上板-2;M3x12-1;m5 38齿带上挡边新-1;滑环固定打印件-1;7垫高-2;内6外30厚10导轮-14;装甲板上固定垫块-1;M6螺母-1;M3x25-1;M6螺母-2;1个yaw轴处铣件√X-1;2mmx1张 yaw同步带下挡板-1;裁判-灯条-2;电管-3;4mm.前后导轮安装板子-2;6x40x10-12;5MM中间导轮板X-1;内6外30厚10导轮-13;前后导轮打印件-1;6x40x10-13;前后导轮打印件-2;7mm装甲板外挂轴垫板-1;交叉滚子内圈压板-1;GL RAU4005 内40外51-1;外挂轴固定铣件-1;2mmxRFID固定板-1;v1.0装甲板-2;RM2019裁判系统场地交互模块FI01-1;装甲支架垫高打印件-5;装甲支架垫高打印件-4;新M4铝排-4;装甲支架垫高打印件-1;4mm装甲支架固定板-1;6x6x21铝排-8;6x6x21铝排-6;6x6x21铝排-5;新M4铝排-3;TB47D电池+电池架-1;装甲支架垫高打印件-3;5mm框架板-3;6x6x21铝排-7;6x6x40铝排-1;3mm上底板-1;v1.0装甲板-1;轻型中心供弹装配-1;5mm框架板2-6;3mm底板-1;8009-RAU_5005_外形尺寸-20240809-1;40x20x420铝方-4;髋关节固定板-1;5mm框架板2-4;5mm框架板2-2;5mm框架板-1;5mm框架板2-5;40x20x420铝方-5;RoboMaster 主控模块 MC02 2019-1;6x6x21铝排-37;2mm弹仓斜板2-1;6x6x40铝排-22;6x6x21铝排-27;6x6x21铝排-36;拨弹盘2006隔离打印件-1;6x6x21铝排-26;6x6x21铝排-32;6x6x21铝排-31;2mm髋关节保护板下-2;2mm弹仓斜板1-1;6x6x21铝排-25;6x6x21铝排-33;6x6x21铝排-21;2mm髋关节保护板上-3;零件1-1;6x6x21铝排-23;6x6x21铝排-19;2mm弹仓隔离板改1-1;2mm弹仓隔离板改1-2;3mm弹仓前后隔离板-1;6x6x40铝排-20;6x6x21铝排-20;6x6x21铝排-24;6x6x21铝排-15;2mm合页板-1;合页20x20x1.3-4;合页20x20x1.3-3;合页20x20x1.3-2;合页20x20x1.3-1;8009垫高-2;6x6x21铝排-12;滑环固定打印件件2-1;yaw轴处铣件改2-1;6x6x40铝排-17;6x6x21铝排-11;2mm髋关节保护板上-2;8009垫高-1;2mm髋关节保护板下-1;6x6x21铝排-9;内6外30厚10导轮-4;中间导轮板-1;内6外30厚10导轮-3;6x6x21铝排-10;8mm新上板-1;滑环-1;内6外30厚10导轮-1;内6外30厚10导轮-2;前后导轮安装板子-2;2mm电管安装板1-1;左右装甲板垫块11-1;左右装甲板垫块11-2;v1.0装甲板-3;前后导轮安装板子-4;4mm电池安装板-1;6x6x40铝排-6;6mm侧装甲安装板x-1;涨紧打印件-3;8009-RAU_5005_外形尺寸-20240809-2;6x6x21铝排-70;hi12xx-xxx-000 3d(molex连接器)-1;装甲板外挂轴第三版-1;2mm陀螺仪2安装板-1;侧装甲板固定铣-1;2mm后上板改x-1;6x6x21铝排-71;5mm侧装甲保护x-2;6x6x40铝排-41;5mm侧装甲保护x-1;6x6x40铝排-40;4310同步带打印件垫块-1;8x8x40 33孔铝排-4;6x6x40铝排-42;yaw防侧打印件-1;8x8x40 33孔铝排-3;6x6x40铝排-39;6x6x21铝排-69;6x6x40铝排-38;7垫高-1;继电器-2;16垫高-1;电滑环MT2042-4;v1.0装甲板-4;6x6x40铝排-36;带轮齿电机板带挡边＋镂空-1;主动B链轮20齿内-3;继电器-1;M5长360同步带-1;6x6x21铝排-62;RFID固定打印垫块-2;6x6x40铝排-35;髋关节固定板-10;6x6x21铝排-61;零件1-2;6x6x21铝排-57;6x6x21铝排-59;合页20x20x1.3-6;M3-2;DM-J4310 V1.1减速电机 STEP3D20230904(1)-1;5mmYAW电机固定板改-1;合页20x20x1.3-5;2mm弹仓小盖板-1;2mm电机同步带板-2;2mm线仓侧板-2;2mm线仓侧板-1;6x6x40铝排-29;6x6x40铝排-28;6x6x40铝排-27;2mm陀螺仪侧保护-2;2mm陀螺仪侧保护-1;6x6x40铝排-30;2mm线仓横板-1;2mm线仓竖板-1;6x6x40铝排-31;6x6x21铝排-54;6x6x40铝排-26;6x6x21铝排-50;4mm前后导轮内安装板子-2;6x6x21铝排-49;6x6x40铝排-25;电机涨紧后打印件-1;交叉滚子法兰铣件-1;主动B链轮20齿内-1;6x6x21铝排-46;6x6x21铝排-47;6x6x21铝排-45;6x6x21铝排-42;6x6x40铝排-24;8x8x40 33孔铝排-2;1mm滑环侧保护板-2;6x6x21铝排-44;1mm滑环侧保护板-1;8x8x40 33孔铝排-1;6x6x21铝排-43;新M4铝排-17;4mm外挂轴安装板-1;新M4铝排-16;新M4铝排-15;6x6x21铝排-38;2mm滑环固定下板-1;3mm主控固定板-1;新M4铝排-14;4mm外挂轴安装板-2;新M4铝排-20;6x6x40铝排-32;新M4铝排-19;新M4铝排-18;主动B链轮20齿内-2;新M4铝排-21,base link,,,,0,0,0,0,0,0,,0,0,0,,,,,,,,,,,,
rf0,-0.059929412590832,-0.00497568108631433,-0.053540218687971,0,0,0,0.843183721447544,0.000862027161715789,3.2046569368156E-06,-0.000779607816635491,0.00204842716850085,2.10942806214608E-06,0.00130234764167046,0,0,0,0,0,0,package://chuanliantui/meshes/rf0.STL,0.776470588235294,0.756862745098039,0.737254901960784,1,0,0,0,0,0,0,package://chuanliantui/meshes/rf0.STL,,外碗组外圈-1;培林轴承内34.1 外46.9 高7-1;胯骨阶梯轴-1;主动B链轮20齿-1;从动B链轮20齿内-1;连杆限位改角度版-1;关节处机加件-1;关节处垫板-1;碗组套筒-1;培林轴承40x51x6.5-1;培林碗组总成-1;串联连杆改1-1;Copy of 气弹簧^串联腿底盘-1,rf0_link,rf0-,rf0,revolute,-0.0114000000001256,0.176932975540448,0.0235200000001889,0,0,0,base_link,0,1,0,0,0,-100,100,,,,,,,,
rf1,0.0780229590622458,0.0103199473600926,-0.0862619955363456,0,0,0,0.414858419057853,0.00264006392005862,-2.34405638910854E-06,0.00206820524894272,0.00449630400849377,3.25800440585515E-06,0.00188319431137968,0,0,0,0,0,0,package://chuanliantui/meshes/rf1.STL,1,1,1,1,0,0,0,0,0,0,package://chuanliantui/meshes/rf1.STL,,长腿.250-1;C620无刷电机调速器 (1)kk-1,rf1_link,rf1-,rf1,revolute,-0.165288729653417,0.0114999999999917,-0.129536233732335,0,0,0,rf0,0,1,0,0,0,-0.12,0.77,,,,,,,,
rfwheel,0.000258895715753299,0.0127591454924048,-0.000369429481127753,0,0,0,0.344781890891785,0.000322531613191001,-3.23871644327295E-08,-2.34585830896995E-06,0.000620367874493322,8.00535601875758E-08,0.000322776964245954,0,0,0,0,0,0,package://chuanliantui/meshes/rfwheel.STL,0.752941176470588,0.752941176470588,0.752941176470588,1,0,0,0,0,0,0,package://chuanliantui/meshes/rfwheel.STL,,NW P15.7 轮腿专用 定位销版（参考模型 未改公差）-1,rfwheel_link,lf0,rfwheel,revolute,0.164832478009991,0.0199999999999965,-0.187963438447721,0,0,0,rf1,0,-1,0,0,0,0,0,,,,,,,,
lf0,-0.0599303446620469,0.00497568108572646,-0.0535401395509289,0,0,0,0.843183721447544,0.000862027161496384,-3.20295947234109E-06,-0.000779607817918225,0.0020484271685008,-2.1095721935805E-06,0.00130234764188992,0,0,0,0,0,0,package://chuanliantui/meshes/lf0.STL,1,1,1,1,0,0,0,0,0,0,package://chuanliantui/meshes/lf0.STL,,Mirror串联连杆改1-3;从动B链轮20齿内-2;主动B链轮20齿-2;碗组套筒-3;外碗组外圈-3;培林轴承内34.1 外46.9 高7-3;胯骨阶梯轴-3;关节处机加件-3;关节处垫板-3;培林轴承40x51x6.5-3;连杆限位改角度版-3;培林碗组总成-3;Copy of 气弹簧^串联腿底盘-2,lf0-link,lf0,lf0,revolute,-0.0114000000001232,-0.178572975540517,0.0235199999997,0,0,0,base_link,0,-1,0,0,0,-100,100,,,,,,,,
lf1,0.078018324484777,-0.0103199473609263,-0.0862673341064149,0,0,0,0.414858418961741,0.00264096842022897,2.35673588988693E-06,0.00206811984718295,0.00449643859324455,-3.24560463461076E-06,0.00188242439596148,0,0,0,0,0,0,package://chuanliantui/meshes/lf1.STL,1,1,1,1,0,0,0,0,0,0,package://chuanliantui/meshes/lf1.STL,,Mirror长腿.250-4;C620无刷电机调速器 (1)kk-3,lf1-link,lf1,lf1,revolute,-0.165288729653418,-0.0115000000014235,-0.129536233732203,0,0,0,lf0,0,-1,0,0,0,-0.77,0.12,,,,,,,,
lfwheel,0.000400272099244092,-0.00475914549162054,-0.000274670509450486,0,0,0,0.344781890910713,0.000322675377029588,7.93341927053792E-08,-2.34896908748287E-06,0.000620367874493374,-3.41113911781432E-08,0.000322633200407531,0,0,0,0,0,0,package://chuanliantui/meshes/lfwheel.STL,0.752941176470588,0.752941176470588,0.752941176470588,1,0,0,0,0,0,0,package://chuanliantui/meshes/lfwheel.STL,,NW P15.7 轮腿专用 定位销版（参考模型 未改公差）-3,lfwheel-link,lfwheel,lfwheel,revolute,0.16483247801054,-0.0280000000020713,-0.187963438447404,0,0,0,lf1,0,-1,0,0,0,0,0,,,,,,,,
rf00,0.0287300930886477,0.00217309925781833,-0.0226492653085871,0,0,0,0.108755464967073,9.09875569319413E-05,-6.95628429076217E-08,8.83433748700864E-05,0.000222724145523073,5.48396164444915E-08,0.000133403996797966,0,0,0,0,0,0,package://chuanliantui/meshes/rf00.STL,0.866666666666667,0.909803921568627,1,1,0,0,0,0,0,0,package://chuanliantui/meshes/rf00.STL,,小连杆1x-1;内17外23厚4深沟球-1,rf00-link,rf00,rf00,revolute,-0.0114000000001251,0.18795499999997,0.0235200000002041,0,0,0,base_link,0,1,0,0,0,-3.14,3.14,,,,,,,,
rf01,-0.0446504423003866,0.000189202771808422,-0.0506220110463802,0,0,0,0.0527615983680123,3.44040667678936E-05,3.91600237083142E-17,-2.91000644183978E-05,6.10850450919855E-05,4.57930837523081E-17,2.70794555800587E-05,0,0,0,0,0,0,package://chuanliantui/meshes/rf01.STL,0.894117647058823,0.894117647058823,0.894117647058823,1,0,0,0,0,0,0,package://chuanliantui/meshes/rf01.STL,,小连杆2镂空版-1;6 15  17  5厚-10;6 15  17  5厚-9;6 15  17  5厚-11;6 15  17  5厚-12,rf01_link,rf01,rf01,revolute,0.0890545087133235,-0.0110249999999036,-0.0702058008844835,0,0,0,rf00,0,1,0,0,0,-3.14,3.14,,,,,,,,
rf02,-0.0707835765672588,-0.000678963352955642,0.0846138697211773,0,0,0,0.131348519233667,0.00025866828424452,-2.36401615329327E-16,0.000172315524142171,0.000390303775067041,3.52063709971865E-16,0.000133396478429443,0,0,0,0,0,0,package://chuanliantui/meshes/rf02.STL,1,1,1,1,0,0,0,0,0,0,package://chuanliantui/meshes/rf02.STL,,3mm板件垫块-1;小连杆3改-1;内6外19法兰22厚6法兰轴承-2;内6外19法兰22厚6法兰轴承-1;6x16x035垫片-2;内6外8高4铜套-1;8x21x4推力滚针-1;6x16x035垫片-5,rf02-link,rf02,rf02,revolute,-0.0893008846007715,0.0165000000001005,-0.101244022092738,0,0,0,rf01,0,1,0,0,0,-3.14,3.14,,,,,,,,
rf03,-0.0380164078202833,4.69346783660285E-14,-0.029793333758428,0,0,0,0.0511656410370527,1.55939895831299E-05,2.37014245891641E-17,-1.77228713484195E-05,3.95520545085041E-05,2.04168619845963E-17,2.43190852262419E-05,0,0,0,0,0,0,package://chuanliantui/meshes/rf03.STL,0.866666666666667,0.909803921568627,1,1,0,0,0,0,0,0,package://chuanliantui/meshes/rf03.STL,,小连杆4-1;6 15  17  5厚-2;6 15  17  5厚-1;6 15  17  5厚-4;6 15  17  5厚-3,rf03-link,rf03,rf03,revolute,-0.115541773105976,-0.0130000000002235,0.163022939626966,0,0,0,rf02,0,1,0,0,0,-3.14,3.14,,,,,,,,
lf00,0.0287300930886472,-0.00217309925803372,-0.0226492653085664,0,0,0,0.108755464967074,9.09875569319398E-05,6.95628437601573E-08,8.83433748700853E-05,0.000222724145523072,-5.48396173065685E-08,0.000133403996797969,0,0,0,0,0,0,package://chuanliantui/meshes/lf00.STL,0.776470588235294,0.756862745098039,0.737254901960784,1,0,0,0,0,0,0,package://chuanliantui/meshes/lf00.STL,,内17外23厚4深沟球-2;小连杆1x-2,lf00-link,lf00,lf00,revolute,-0.0114000000001247,-0.189595000000041,0.023519999999691,0,0,0,base_link,0,-1,0,0,0,-3.14,3.14,,,,,,,,
lf01,-0.0446504423003861,-0.000189202772297822,-0.0506220110463771,0,0,0,0.0527615983680122,3.44040667678935E-05,-3.20540987491865E-16,-2.91000644183978E-05,6.10850450919854E-05,-3.74572243619093E-16,2.70794555800586E-05,0,0,0,0,0,0,package://chuanliantui/meshes/lf01.STL,0.776470588235294,0.756862745098039,0.737254901960784,1,0,0,0,0,0,0,package://chuanliantui/meshes/lf01.STL,,6 15  17  5厚-14;6 15  17  5厚-13;小连杆2镂空版-2;6 15  17  5厚-15;6 15  17  5厚-16,lf01-link,lf01,lf01,revolute,0.0890545087133239,0.0110249999992321,-0.0702058008845904,0,0,0,lf00,0,-1,0,0,0,-3.14,3.14,,,,,,,,
lf02,-0.0707835765672591,0.000678963353767797,0.084613869721171,0,0,0,0.131348519233667,0.00025866828424452,1.89740839656789E-15,0.000172315524142171,0.000390303775067041,-2.82893856390611E-15,0.000133396478429443,0,0,0,0,0,0,package://chuanliantui/meshes/lf02.STL,1,1,1,1,0,0,0,0,0,0,package://chuanliantui/meshes/lf02.STL,,3mm板件垫块-3;小连杆3改-3;内6外19法兰22厚6法兰轴承-3;6x16x035垫片-3;8x21x4推力滚针-3;6x16x035垫片-6;内6外8高4铜套-2;内6外19法兰22厚6法兰轴承-5,lf02-link,lf02,lf02,revolute,-0.0893008846007706,-0.0165000000010802,-0.101244022092578,0,0,0,lf01,0,-1,0,0,0,-3.14,3.14,,,,,,,,
lf03,-0.0380164078202828,-7.54951656745106E-15,-0.029793333758428,0,0,0,0.0511656410370526,1.55939895831299E-05,6.62410802011277E-19,-1.77228713484194E-05,3.95520545085039E-05,4.96240148893304E-19,2.43190852262417E-05,0,0,0,0,0,0,package://chuanliantui/meshes/lf03.STL,0.866666666666667,0.909803921568627,1,1,0,0,0,0,0,0,package://chuanliantui/meshes/lf03.STL,,小连杆4-3;6 15  17  5厚-7;6 15  17  5厚-8;6 15  17  5厚-5;6 15  17  5厚-6,lf03-link,lf03,lf03,revolute,-0.115541773105979,0.0130000000017961,0.163022939626841,0,0,0,lf02,0,-1,0,0,0,-3.14,3.14,,,,,,,,
imu-link,0.000184082171325678,-9.40102762600828E-05,0.00497698966932855,0,0,0,0.00303751642818645,1.45387679451712E-07,2.11270620322235E-09,2.90844814825675E-09,1.21883316071383E-07,-2.23555953007131E-10,2.31438970445244E-07,0,0,0,0,0,0,package://chuanliantui/meshes/imu-link.STL,1,1,1,1,0,0,0,0,0,0,package://chuanliantui/meshes/imu-link.STL,,hi12xx-xxx-000 3d(molex连接器)-1,imu-link,Axis_imu-link,imu-link,fixed,-0.0109010626554575,-0.000819999999844778,-0.113980000000039,0,0,0,base_link,0,0,0,,,,,,,,,,,,
rf001,-3.46944695195361E-15,-2.77555756156289E-17,1.15046860926782E-14,0,0,0,0.000125663706143591,1.07861347773249E-09,4.66480852066549E-24,-1.84500050690524E-25,8.16814089933348E-10,-6.70892410212183E-25,1.07861347773249E-09,0,0,0,0,0,0,package://chuanliantui/meshes/rf001.STL,1,1,1,1,0,0,0,0,0,0,package://chuanliantui/meshes/rf001.STL,,零件4^串联腿底盘-1,rf001-link,rf001,rf001,revolute,0.0142060577080023,0.173432975540499,-0.0135852989310789,0,0,0,base_link,0,1,0,0,0,-3.14,3.14,,,,,,,,
rf002,-4.9960036108132E-16,6.43929354282591E-15,-8.49320613838245E-15,0,0,0,0.000314159265358979,1.14929931243826E-08,1.45267818847665E-22,1.8008411252462E-24,2.04203522483337E-09,-3.54299064370818E-23,1.14929931243826E-08,0,0,0,0,0,0,package://chuanliantui/meshes/rf002.STL,1,1,1,1,0,0,0,0,0,0,package://chuanliantui/meshes/rf002.STL,,零件3^串联腿底盘-1,rf002-link,rf002,rf002,revolute,-0.156996167107753,0.198432975540677,-0.150480600144429,0,0,0,base_link,0,1,0,0,0,-3.14,3.14,,,,,,,,
lf001,-3.77475828372553E-15,6.20337115009306E-15,4.55885329486705E-15,0,0,0,0.000125663706143592,1.07861347773249E-09,-1.84299232572944E-24,-1.49064839553833E-25,8.16814089933349E-10,-6.15747036041989E-25,1.07861347773249E-09,0,0,0,0,0,0,package://chuanliantui/meshes/lf001.STL,1,1,1,1,0,0,0,0,0,0,package://chuanliantui/meshes/lf001.STL,,零件4^串联腿底盘-2,lf001-link,lf001,lf001,revolute,0.014206057708,-0.175072975540468,-0.0135852989315572,0,0,0,base_link,0,-1,0,0,0,-3.14,3.14,,,,,,,,
lf002,-0.046224797525756,0.0170029755405088,0.105987049277025,0,0,0,0.000188495559215424,2.87455727803607E-09,-1.86710865195642E-23,7.18936274574598E-27,1.22522113490026E-09,-6.74448727042132E-24,2.87455727803607E-09,0,0,0,0,0,0,package://chuanliantui/meshes/lf002.STL,1,1,1,1,0,0,0,0,0,0,package://chuanliantui/meshes/lf002.STL,,零件5^串联腿底盘-4,lf002-link,lf002,lf002,revolute,-0.156996167107749,-0.200072975540276,-0.150480600144982,0,0,0,base_link,0,-1,0,0,0,-3.14,3.14,,,,,,,,
rf04,5.55111512312578E-17,0.00100000000000641,-3.98119037736677E-16,0,0,0,0.000188495559215424,2.87455727803606E-09,2.27002900884047E-23,7.18936274527304E-27,1.22522113490025E-09,3.98668057916869E-23,2.87455727803606E-09,0,0,0,0,0,0,package://chuanliantui/meshes/rf04.STL,1,1,1,1,0,0,0,0,0,0,package://chuanliantui/meshes/rf04.STL,,零件5^串联腿底盘-2,rf04-link,rf04,rf04,revolute,-0.100655914012724,0.193430000000029,-0.0464295662155702,0,0,0,base_link,0,1,0,0,0,-3.14,3.14,,,,,,,,
rf05,6.10622663543836E-16,0.00100000000000905,5.9015292652731E-15,0,0,0,0.000188495559215424,2.87455727803608E-09,2.27623286343447E-23,-1.86600313970138E-26,1.22522113490026E-09,3.98047672457444E-23,2.87455727803608E-09,0,0,0,0,0,0,package://chuanliantui/meshes/rf05.STL,1,1,1,1,0,0,0,0,0,0,package://chuanliantui/meshes/rf05.STL,,零件5^串联腿底盘-3,rf05-link,rf05,rf05,revolute,-0.203220964633881,0.180430000000026,-0.0444935508676031,0,0,0,base_link,0,1,0,0,0,-3.14,3.14,,,,,,,,
lf04,-1.88737914186277E-15,-0.00100000000000916,-7.40726924242097E-16,0,0,0,0.000188495559215424,2.87455727803608E-09,-1.86917660348765E-23,-1.34901525654984E-26,1.22522113490026E-09,2.21181961844378E-22,2.87455727803608E-09,0,0,0,0,0,0,package://chuanliantui/meshes/lf04.STL,1,1,1,1,0,0,0,0,0,0,package://chuanliantui/meshes/lf04.STL,,零件5^串联腿底盘-1,lf04-link,lf04,lf04,revolute,-0.100655914012723,-0.195069999999905,-0.0464295662160984,0,0,0,base_link,0,-1,0,0,0,-3.14,3.14,,,,,,,,
lf05,0.102565050621151,-0.0140000000000128,-0.00193601534834479,0,0,0,0.000188495559215424,2.87455727803608E-09,-1.86917660348765E-23,-1.34901525654984E-26,1.22522113490026E-09,2.21181961844378E-22,2.87455727803608E-09,0,0,0,0,0,0,package://chuanliantui/meshes/lf05.STL,1,1,1,1,0,0,0,0,0,0,package://chuanliantui/meshes/lf05.STL,,零件5^串联腿底盘-1,lf05-link,lf05,lf05,revolute,-0.203220964633882,-0.182069999999905,-0.0444935508680955,0,0,0,base_link,0,-1,0,0,0,-3.14,3.14,,,,,,,,
