plateau_id,source_start_frame,source_end_frame,cmd_raw,cmd_A,duration_s,frame_count,observed_hz,tail_window_samples,left_current_mean_A,right_current_mean_A,left_speed_mean_rad_s,right_speed_mean_rad_s,mean_can_delay_ms,accepted_for_steady_state_fit,reason
plateau_01,942,1940,409.0,0.499267578125,0.995976,999,1003.0362177401865,302,0.4994898916080298,0.4621088899524007,0.0,10.06473390397351,0.8175364238410595,true,
plateau_02,2360,2896,-409.0,-0.499267578125,0.996,537,539.156626506024,287,-0.4946697381315331,-0.46510915722996515,0.0,-10.273722160278746,0.7924181184668989,true,
plateau_03,3901,4900,819.0,0.999755859375,0.99992,1000,1000.080006400512,299,0.9349687761287625,0.9034550389318561,25.445793030100333,29.338852454849498,0.8048428093645486,true,
plateau_04,5897,6896,-819.0,-0.999755859375,1.0,1000,1000.0,301,-0.9210063135901162,-0.8782208718334718,-24.903470707641198,-21.70039822591362,0.7895016611295681,true,
plateau_05,7901,8900,1638.0,1.99951171875,0.999888,1000,1000.112012545405,301,1.6432083484738371,1.1175476276993355,59.34617343853821,62.228947681063126,0.8109501661129568,true,
plateau_06,9905,10744,-1638.0,-1.99951171875,0.998024,840,841.6631263376431,161,-1.7856763756793477,-1.7637719574922361,-52.578739645962735,-43.255425360248445,0.6464099378881988,true,
plateau_07,11589,11637,2457.0,2.999267578125,0.218,49,224.77064220183487,49,2.203643176020408,2.224295479910714,-10.49486806122449,-15.015812918367347,0.758204081632653,false,平台时长不足 0.5 s 或末尾 0.3 s 少于 20 帧
plateau_08,11660,11746,2457.0,2.999267578125,0.509904,87,170.6203520662713,57,0.928698087993421,0.5591462787828947,65.7048883859649,64.8539745263158,0.9049824561403509,true,
plateau_09,12060,12246,-2457.0,-2.999267578125,0.978,187,191.20654396728017,50,-0.8973876953125,-1.3724853515624997,-66.16142956,-64.29674186,0.70848,true,
plateau_10,12540,12740,3276.0,3.9990234375,0.946048,201,212.46279258557706,63,0.9674169146825397,0.642147972470238,65.67877952380952,64.85153098412698,0.8001269841269841,true,
plateau_11,12951,13158,-3276.0,-3.9990234375,1.00004,208,207.99168033278667,100,-0.98431396484375,-0.6623901367187499,-66.24912371,-64.709473,0.81736,true,
